latitude,longitude,datetime,temperature_C
45.7593662,11.1442189,2025-08-14 00:00:00,19.1
45.7593662,11.1442189,2025-08-14 01:00:00,18.6
45.7593662,11.1442189,2025-08-14 02:00:00,18.2
45.7593662,11.1442189,2025-08-14 03:00:00,18.7
45.7593662,11.1442189,2025-08-14 04:00:00,18.2
45.7593662,11.1442189,2025-08-14 05:00:00,19.0
45.7593662,11.1442189,2025-08-14 06:00:00,20.1
45.7593662,11.1442189,2025-08-14 07:00:00,22.9
45.7593662,11.1442189,2025-08-14 08:00:00,25.0
45.7593662,11.1442189,2025-08-14 09:00:00,26.6
45.7593662,11.1442189,2025-08-14 10:00:00,27.0
45.7593662,11.1442189,2025-08-14 11:00:00,27.5
45.7593662,11.1442189,2025-08-14 12:00:00,27.3
45.7593662,11.1442189,2025-08-14 13:00:00,27.8
45.7593662,11.1442189,2025-08-14 14:00:00,26.9
45.7593662,11.1442189,2025-08-14 15:00:00,27.1
45.7593662,11.1442189,2025-08-14 16:00:00,26.2
45.7593662,11.1442189,2025-08-14 17:00:00,24.9
45.7593662,11.1442189,2025-08-14 18:00:00,22.7
45.7593662,11.1442189,2025-08-14 19:00:00,20.4
45.7593662,11.1442189,2025-08-14 20:00:00,20.2
45.7593662,11.1442189,2025-08-14 21:00:00,20.1
45.7593662,11.1442189,2025-08-14 22:00:00,19.8
45.7593662,11.1442189,2025-08-14 23:00:00,19.9
45.7593662,11.1442189,2025-08-15 00:00:00,19.4
45.7593662,11.1442189,2025-08-15 01:00:00,18.7
45.7593662,11.1442189,2025-08-15 02:00:00,18.5
45.7593662,11.1442189,2025-08-15 03:00:00,18.4
45.7593662,11.1442189,2025-08-15 04:00:00,17.8
45.7593662,11.1442189,2025-08-15 05:00:00,17.7
45.7593662,11.1442189,2025-08-15 06:00:00,20.0
45.7593662,11.1442189,2025-08-15 07:00:00,22.5
45.7593662,11.1442189,2025-08-15 08:00:00,24.2
45.7593662,11.1442189,2025-08-15 09:00:00,24.5
45.7593662,11.1442189,2025-08-15 10:00:00,25.3
45.7593662,11.1442189,2025-08-15 11:00:00,25.8
45.7593662,11.1442189,2025-08-15 12:00:00,25.7
45.7593662,11.1442189,2025-08-15 13:00:00,25.5
45.7593662,11.1442189,2025-08-15 14:00:00,25.5
45.7593662,11.1442189,2025-08-15 15:00:00,24.2
45.7593662,11.1442189,2025-08-15 16:00:00,19.3
45.7593662,11.1442189,2025-08-15 17:00:00,19.7
45.7593662,11.1442189,2025-08-15 18:00:00,18.6
45.7593662,11.1442189,2025-08-15 19:00:00,17.8
45.7593662,11.1442189,2025-08-15 20:00:00,18.1
45.7593662,11.1442189,2025-08-15 21:00:00,18.0
45.7593662,11.1442189,2025-08-15 22:00:00,17.0
45.7593662,11.1442189,2025-08-15 23:00:00,17.0
45.7593662,11.1442189,2025-08-16 00:00:00,16.7
45.7593662,11.1442189,2025-08-16 01:00:00,16.6
45.7593662,11.1442189,2025-08-16 02:00:00,16.3
45.7593662,11.1442189,2025-08-16 03:00:00,16.1
45.7593662,11.1442189,2025-08-16 04:00:00,15.8
45.7593662,11.1442189,2025-08-16 05:00:00,16.1
45.7593662,11.1442189,2025-08-16 06:00:00,18.1
45.7593662,11.1442189,2025-08-16 07:00:00,20.1
45.7593662,11.1442189,2025-08-16 08:00:00,22.0
45.7593662,11.1442189,2025-08-16 09:00:00,23.9
45.7593662,11.1442189,2025-08-16 10:00:00,25.0
45.7593662,11.1442189,2025-08-16 11:00:00,25.7
45.7593662,11.1442189,2025-08-16 12:00:00,26.0
45.7593662,11.1442189,2025-08-16 13:00:00,23.4
45.7593662,11.1442189,2025-08-16 14:00:00,22.6
45.7593662,11.1442189,2025-08-16 15:00:00,24.5
45.7593662,11.1442189,2025-08-16 16:00:00,24.0
45.7593662,11.1442189,2025-08-16 17:00:00,22.6
45.7593662,11.1442189,2025-08-16 18:00:00,20.1
45.7593662,11.1442189,2025-08-16 19:00:00,20.2
45.7593662,11.1442189,2025-08-16 20:00:00,19.9
45.7593662,11.1442189,2025-08-16 21:00:00,19.5
45.7593662,11.1442189,2025-08-16 22:00:00,19.2
45.7593662,11.1442189,2025-08-16 23:00:00,18.9
45.7593662,11.1442189,2025-08-17 00:00:00,18.6
45.7593662,11.1442189,2025-08-17 01:00:00,18.0
45.7593662,11.1442189,2025-08-17 02:00:00,17.9
45.7593662,11.1442189,2025-08-17 03:00:00,17.1
45.7593662,11.1442189,2025-08-17 04:00:00,16.5
45.7593662,11.1442189,2025-08-17 05:00:00,16.2
45.7593662,11.1442189,2025-08-17 06:00:00,18.0
45.7593662,11.1442189,2025-08-17 07:00:00,19.9
45.7593662,11.1442189,2025-08-17 08:00:00,21.0
45.7593662,11.1442189,2025-08-17 09:00:00,21.9
45.7593662,11.1442189,2025-08-17 10:00:00,22.8
45.7593662,11.1442189,2025-08-17 11:00:00,22.5
45.7593662,11.1442189,2025-08-17 12:00:00,21.9
45.7593662,11.1442189,2025-08-17 13:00:00,21.1
45.7593662,11.1442189,2025-08-17 14:00:00,21.9
45.7593662,11.1442189,2025-08-17 15:00:00,21.8
45.7593662,11.1442189,2025-08-17 16:00:00,20.8
45.7593662,11.1442189,2025-08-17 17:00:00,20.1
45.7593662,11.1442189,2025-08-17 18:00:00,19.3
45.7593662,11.1442189,2025-08-17 19:00:00,18.7
45.7593662,11.1442189,2025-08-17 20:00:00,18.2
45.7593662,11.1442189,2025-08-17 21:00:00,17.8
45.7593662,11.1442189,2025-08-17 22:00:00,17.4
45.7593662,11.1442189,2025-08-17 23:00:00,17.2
45.7593662,11.1442189,2025-08-18 00:00:00,16.9
45.7593662,11.1442189,2025-08-18 01:00:00,16.5
45.7593662,11.1442189,2025-08-18 02:00:00,16.1
45.7593662,11.1442189,2025-08-18 03:00:00,15.9
45.7593662,11.1442189,2025-08-18 04:00:00,15.8
45.7593662,11.1442189,2025-08-18 05:00:00,15.8
45.7593662,11.1442189,2025-08-18 06:00:00,16.1
45.7593662,11.1442189,2025-08-18 07:00:00,16.8
45.7593662,11.1442189,2025-08-18 08:00:00,17.7
45.7593662,11.1442189,2025-08-18 09:00:00,18.4
45.7593662,11.1442189,2025-08-18 10:00:00,18.7
45.7593662,11.1442189,2025-08-18 11:00:00,18.9
45.7593662,11.1442189,2025-08-18 12:00:00,19.1
45.7593662,11.1442189,2025-08-18 13:00:00,19.3
45.7593662,11.1442189,2025-08-18 14:00:00,19.6
45.7593662,11.1442189,2025-08-18 15:00:00,19.5
45.7593662,11.1442189,2025-08-18 16:00:00,19.1
45.7593662,11.1442189,2025-08-18 17:00:00,18.3
45.7593662,11.1442189,2025-08-18 18:00:00,17.6
45.7593662,11.1442189,2025-08-18 19:00:00,17.0
45.7593662,11.1442189,2025-08-18 20:00:00,16.4
45.7593662,11.1442189,2025-08-18 21:00:00,15.9
45.7593662,11.1442189,2025-08-18 22:00:00,15.6
45.7593662,11.1442189,2025-08-18 23:00:00,15.4
45.7593662,11.1442189,2025-08-19 00:00:00,15.3
45.7593662,11.1442189,2025-08-19 01:00:00,15.0
45.7593662,11.1442189,2025-08-19 02:00:00,14.7
45.7593662,11.1442189,2025-08-19 03:00:00,14.7
45.7593662,11.1442189,2025-08-19 04:00:00,15.0
45.7593662,11.1442189,2025-08-19 05:00:00,15.6
45.7593662,11.1442189,2025-08-19 06:00:00,16.3
45.7593662,11.1442189,2025-08-19 07:00:00,17.2
45.7593662,11.1442189,2025-08-19 08:00:00,18.3
45.7593662,11.1442189,2025-08-19 09:00:00,19.2
45.7593662,11.1442189,2025-08-19 10:00:00,19.5
45.7593662,11.1442189,2025-08-19 11:00:00,19.5
45.7593662,11.1442189,2025-08-19 12:00:00,19.5
45.7593662,11.1442189,2025-08-19 13:00:00,25.0
45.7593662,11.1442189,2025-08-19 14:00:00,25.1
45.7593662,11.1442189,2025-08-19 15:00:00,24.7
45.7593662,11.1442189,2025-08-19 16:00:00,23.7
45.7593662,11.1442189,2025-08-19 17:00:00,22.3
45.7593662,11.1442189,2025-08-19 18:00:00,20.9
45.7593662,11.1442189,2025-08-19 19:00:00,19.8
45.7593662,11.1442189,2025-08-19 20:00:00,18.7
45.7593662,11.1442189,2025-08-19 21:00:00,17.8
45.7593662,11.1442189,2025-08-19 22:00:00,17.3
45.7593662,11.1442189,2025-08-19 23:00:00,17.0
45.7593662,11.1442189,2025-08-20 00:00:00,16.8
45.7593662,11.1442189,2025-08-20 01:00:00,16.5
45.7593662,11.1442189,2025-08-20 02:00:00,16.3
45.7593662,11.1442189,2025-08-20 03:00:00,16.2
45.7593662,11.1442189,2025-08-20 04:00:00,16.1
45.7593662,11.1442189,2025-08-20 05:00:00,16.1
45.7593662,11.1442189,2025-08-20 06:00:00,16.5
45.7593662,11.1442189,2025-08-20 07:00:00,17.9
45.7593662,11.1442189,2025-08-20 08:00:00,19.7
45.7593662,11.1442189,2025-08-20 09:00:00,21.1
45.7593662,11.1442189,2025-08-20 10:00:00,21.6
45.7593662,11.1442189,2025-08-20 11:00:00,21.8
45.7593662,11.1442189,2025-08-20 12:00:00,21.8
45.7593662,11.1442189,2025-08-20 13:00:00,22.4
45.7593662,11.1442189,2025-08-20 14:00:00,22.4
45.7593662,11.1442189,2025-08-20 15:00:00,21.7
45.7593662,11.1442189,2025-08-20 16:00:00,19.9
45.7593662,11.1442189,2025-08-20 17:00:00,17.5
45.7593662,11.1442189,2025-08-20 18:00:00,15.7
45.7593662,11.1442189,2025-08-20 19:00:00,14.9
45.7593662,11.1442189,2025-08-20 20:00:00,14.7
45.7593662,11.1442189,2025-08-20 21:00:00,14.7
45.7593662,11.1442189,2025-08-20 22:00:00,14.6
45.7593662,11.1442189,2025-08-20 23:00:00,14.6
45.4371908,12.3345898,2025-08-14 00:00:00,26.3
45.4371908,12.3345898,2025-08-14 01:00:00,25.6
45.4371908,12.3345898,2025-08-14 02:00:00,26.0
45.4371908,12.3345898,2025-08-14 03:00:00,25.1
45.4371908,12.3345898,2025-08-14 04:00:00,24.5
45.4371908,12.3345898,2025-08-14 05:00:00,24.2
45.4371908,12.3345898,2025-08-14 06:00:00,25.9
45.4371908,12.3345898,2025-08-14 07:00:00,27.4
45.4371908,12.3345898,2025-08-14 08:00:00,28.8
45.4371908,12.3345898,2025-08-14 09:00:00,30.4
45.4371908,12.3345898,2025-08-14 10:00:00,31.7
45.4371908,12.3345898,2025-08-14 11:00:00,32.5
45.4371908,12.3345898,2025-08-14 12:00:00,33.3
45.4371908,12.3345898,2025-08-14 13:00:00,33.9
45.4371908,12.3345898,2025-08-14 14:00:00,33.8
45.4371908,12.3345898,2025-08-14 15:00:00,33.4
45.4371908,12.3345898,2025-08-14 16:00:00,33.5
45.4371908,12.3345898,2025-08-14 17:00:00,32.4
45.4371908,12.3345898,2025-08-14 18:00:00,30.8
45.4371908,12.3345898,2025-08-14 19:00:00,29.4
45.4371908,12.3345898,2025-08-14 20:00:00,28.5
45.4371908,12.3345898,2025-08-14 21:00:00,27.6
45.4371908,12.3345898,2025-08-14 22:00:00,26.5
45.4371908,12.3345898,2025-08-14 23:00:00,26.3
45.4371908,12.3345898,2025-08-15 00:00:00,25.9
45.4371908,12.3345898,2025-08-15 01:00:00,25.6
45.4371908,12.3345898,2025-08-15 02:00:00,25.4
45.4371908,12.3345898,2025-08-15 03:00:00,25.3
45.4371908,12.3345898,2025-08-15 04:00:00,25.3
45.4371908,12.3345898,2025-08-15 05:00:00,25.6
45.4371908,12.3345898,2025-08-15 06:00:00,26.0
45.4371908,12.3345898,2025-08-15 07:00:00,27.1
45.4371908,12.3345898,2025-08-15 08:00:00,28.8
45.4371908,12.3345898,2025-08-15 09:00:00,30.7
45.4371908,12.3345898,2025-08-15 10:00:00,32.2
45.4371908,12.3345898,2025-08-15 11:00:00,33.0
45.4371908,12.3345898,2025-08-15 12:00:00,34.0
45.4371908,12.3345898,2025-08-15 13:00:00,34.5
45.4371908,12.3345898,2025-08-15 14:00:00,34.5
45.4371908,12.3345898,2025-08-15 15:00:00,34.6
45.4371908,12.3345898,2025-08-15 16:00:00,33.7
45.4371908,12.3345898,2025-08-15 17:00:00,32.4
45.4371908,12.3345898,2025-08-15 18:00:00,30.7
45.4371908,12.3345898,2025-08-15 19:00:00,29.1
45.4371908,12.3345898,2025-08-15 20:00:00,28.1
45.4371908,12.3345898,2025-08-15 21:00:00,27.1
45.4371908,12.3345898,2025-08-15 22:00:00,26.5
45.4371908,12.3345898,2025-08-15 23:00:00,26.0
45.4371908,12.3345898,2025-08-16 00:00:00,25.5
45.4371908,12.3345898,2025-08-16 01:00:00,25.1
45.4371908,12.3345898,2025-08-16 02:00:00,24.9
45.4371908,12.3345898,2025-08-16 03:00:00,24.9
45.4371908,12.3345898,2025-08-16 04:00:00,24.7
45.4371908,12.3345898,2025-08-16 05:00:00,24.6
45.4371908,12.3345898,2025-08-16 06:00:00,25.6
45.4371908,12.3345898,2025-08-16 07:00:00,26.9
45.4371908,12.3345898,2025-08-16 08:00:00,28.7
45.4371908,12.3345898,2025-08-16 09:00:00,30.4
45.4371908,12.3345898,2025-08-16 10:00:00,31.8
45.4371908,12.3345898,2025-08-16 11:00:00,33.2
45.4371908,12.3345898,2025-08-16 12:00:00,34.2
45.4371908,12.3345898,2025-08-16 13:00:00,34.7
45.4371908,12.3345898,2025-08-16 14:00:00,33.6
45.4371908,12.3345898,2025-08-16 15:00:00,33.9
45.4371908,12.3345898,2025-08-16 16:00:00,33.4
45.4371908,12.3345898,2025-08-16 17:00:00,32.1
45.4371908,12.3345898,2025-08-16 18:00:00,30.2
45.4371908,12.3345898,2025-08-16 19:00:00,29.3
45.4371908,12.3345898,2025-08-16 20:00:00,28.5
45.4371908,12.3345898,2025-08-16 21:00:00,27.9
45.4371908,12.3345898,2025-08-16 22:00:00,27.4
45.4371908,12.3345898,2025-08-16 23:00:00,26.7
45.4371908,12.3345898,2025-08-17 00:00:00,26.2
45.4371908,12.3345898,2025-08-17 01:00:00,25.6
45.4371908,12.3345898,2025-08-17 02:00:00,25.4
45.4371908,12.3345898,2025-08-17 03:00:00,25.1
45.4371908,12.3345898,2025-08-17 04:00:00,24.9
45.4371908,12.3345898,2025-08-17 05:00:00,24.9
45.4371908,12.3345898,2025-08-17 06:00:00,25.3
45.4371908,12.3345898,2025-08-17 07:00:00,26.0
45.4371908,12.3345898,2025-08-17 08:00:00,27.6
45.4371908,12.3345898,2025-08-17 09:00:00,29.4
45.4371908,12.3345898,2025-08-17 10:00:00,30.4
45.4371908,12.3345898,2025-08-17 11:00:00,30.9
45.4371908,12.3345898,2025-08-17 12:00:00,30.7
45.4371908,12.3345898,2025-08-17 13:00:00,31.4
45.4371908,12.3345898,2025-08-17 14:00:00,31.6
45.4371908,12.3345898,2025-08-17 15:00:00,31.4
45.4371908,12.3345898,2025-08-17 16:00:00,30.7
45.4371908,12.3345898,2025-08-17 17:00:00,29.8
45.4371908,12.3345898,2025-08-17 18:00:00,28.9
45.4371908,12.3345898,2025-08-17 19:00:00,28.1
45.4371908,12.3345898,2025-08-17 20:00:00,27.3
45.4371908,12.3345898,2025-08-17 21:00:00,26.5
45.4371908,12.3345898,2025-08-17 22:00:00,25.9
45.4371908,12.3345898,2025-08-17 23:00:00,25.3
45.4371908,12.3345898,2025-08-18 00:00:00,24.7
45.4371908,12.3345898,2025-08-18 01:00:00,24.2
45.4371908,12.3345898,2025-08-18 02:00:00,23.7
45.4371908,12.3345898,2025-08-18 03:00:00,23.3
45.4371908,12.3345898,2025-08-18 04:00:00,23.0
45.4371908,12.3345898,2025-08-18 05:00:00,22.8
45.4371908,12.3345898,2025-08-18 06:00:00,23.0
45.4371908,12.3345898,2025-08-18 07:00:00,24.1
45.4371908,12.3345898,2025-08-18 08:00:00,25.6
45.4371908,12.3345898,2025-08-18 09:00:00,26.9
45.4371908,12.3345898,2025-08-18 10:00:00,27.8
45.4371908,12.3345898,2025-08-18 11:00:00,28.4
45.4371908,12.3345898,2025-08-18 12:00:00,28.9
45.4371908,12.3345898,2025-08-18 13:00:00,29.1
45.4371908,12.3345898,2025-08-18 14:00:00,29.2
45.4371908,12.3345898,2025-08-18 15:00:00,29.0
45.4371908,12.3345898,2025-08-18 16:00:00,28.5
45.4371908,12.3345898,2025-08-18 17:00:00,27.7
45.4371908,12.3345898,2025-08-18 18:00:00,27.0
45.4371908,12.3345898,2025-08-18 19:00:00,26.4
45.4371908,12.3345898,2025-08-18 20:00:00,25.7
45.4371908,12.3345898,2025-08-18 21:00:00,25.1
45.4371908,12.3345898,2025-08-18 22:00:00,24.2
45.4371908,12.3345898,2025-08-18 23:00:00,23.3
45.4371908,12.3345898,2025-08-19 00:00:00,22.6
45.4371908,12.3345898,2025-08-19 01:00:00,22.0
45.4371908,12.3345898,2025-08-19 02:00:00,21.6
45.4371908,12.3345898,2025-08-19 03:00:00,21.4
45.4371908,12.3345898,2025-08-19 04:00:00,21.4
45.4371908,12.3345898,2025-08-19 05:00:00,21.6
45.4371908,12.3345898,2025-08-19 06:00:00,22.2
45.4371908,12.3345898,2025-08-19 07:00:00,23.8
45.4371908,12.3345898,2025-08-19 08:00:00,25.8
45.4371908,12.3345898,2025-08-19 09:00:00,27.5
45.4371908,12.3345898,2025-08-19 10:00:00,28.3
45.4371908,12.3345898,2025-08-19 11:00:00,28.7
45.4371908,12.3345898,2025-08-19 12:00:00,28.9
45.4371908,12.3345898,2025-08-19 13:00:00,28.9
45.4371908,12.3345898,2025-08-19 14:00:00,28.8
45.4371908,12.3345898,2025-08-19 15:00:00,28.3
45.4371908,12.3345898,2025-08-19 16:00:00,27.3
45.4371908,12.3345898,2025-08-19 17:00:00,25.9
45.4371908,12.3345898,2025-08-19 18:00:00,24.6
45.4371908,12.3345898,2025-08-19 19:00:00,23.6
45.4371908,12.3345898,2025-08-19 20:00:00,22.8
45.4371908,12.3345898,2025-08-19 21:00:00,22.0
45.4371908,12.3345898,2025-08-19 22:00:00,21.3
45.4371908,12.3345898,2025-08-19 23:00:00,20.7
45.4371908,12.3345898,2025-08-20 00:00:00,20.2
45.4371908,12.3345898,2025-08-20 01:00:00,19.8
45.4371908,12.3345898,2025-08-20 02:00:00,19.5
45.4371908,12.3345898,2025-08-20 03:00:00,19.5
45.4371908,12.3345898,2025-08-20 04:00:00,19.6
45.4371908,12.3345898,2025-08-20 05:00:00,20.0
45.4371908,12.3345898,2025-08-20 06:00:00,20.8
45.4371908,12.3345898,2025-08-20 07:00:00,22.1
45.4371908,12.3345898,2025-08-20 08:00:00,23.7
45.4371908,12.3345898,2025-08-20 09:00:00,25.2
45.4371908,12.3345898,2025-08-20 10:00:00,26.6
45.4371908,12.3345898,2025-08-20 11:00:00,28.0
45.4371908,12.3345898,2025-08-20 12:00:00,28.9
45.4371908,12.3345898,2025-08-20 13:00:00,29.0
45.4371908,12.3345898,2025-08-20 14:00:00,28.0
45.4371908,12.3345898,2025-08-20 15:00:00,26.9
45.4371908,12.3345898,2025-08-20 16:00:00,25.6
45.4371908,12.3345898,2025-08-20 17:00:00,24.0
45.4371908,12.3345898,2025-08-20 18:00:00,22.8
45.4371908,12.3345898,2025-08-20 19:00:00,22.3
45.4371908,12.3345898,2025-08-20 20:00:00,22.0
45.4371908,12.3345898,2025-08-20 21:00:00,21.6
45.4371908,12.3345898,2025-08-20 22:00:00,20.8
45.4371908,12.3345898,2025-08-20 23:00:00,19.7
45.3819685,11.0448862,2025-08-14 00:00:00,23.6
45.3819685,11.0448862,2025-08-14 01:00:00,23.6
45.3819685,11.0448862,2025-08-14 02:00:00,23.2
45.3819685,11.0448862,2025-08-14 03:00:00,22.9
45.3819685,11.0448862,2025-08-14 04:00:00,22.9
45.3819685,11.0448862,2025-08-14 05:00:00,22.8
45.3819685,11.0448862,2025-08-14 06:00:00,24.5
45.3819685,11.0448862,2025-08-14 07:00:00,27.2
45.3819685,11.0448862,2025-08-14 08:00:00,30.0
45.3819685,11.0448862,2025-08-14 09:00:00,32.1
45.3819685,11.0448862,2025-08-14 10:00:00,33.2
45.3819685,11.0448862,2025-08-14 11:00:00,34.6
45.3819685,11.0448862,2025-08-14 12:00:00,35.5
45.3819685,11.0448862,2025-08-14 13:00:00,36.3
45.3819685,11.0448862,2025-08-14 14:00:00,36.3
45.3819685,11.0448862,2025-08-14 15:00:00,35.9
45.3819685,11.0448862,2025-08-14 16:00:00,35.0
45.3819685,11.0448862,2025-08-14 17:00:00,33.5
45.3819685,11.0448862,2025-08-14 18:00:00,31.3
45.3819685,11.0448862,2025-08-14 19:00:00,28.8
45.3819685,11.0448862,2025-08-14 20:00:00,27.0
45.3819685,11.0448862,2025-08-14 21:00:00,26.7
45.3819685,11.0448862,2025-08-14 22:00:00,26.1
45.3819685,11.0448862,2025-08-14 23:00:00,25.5
45.3819685,11.0448862,2025-08-15 00:00:00,25.8
45.3819685,11.0448862,2025-08-15 01:00:00,25.8
45.3819685,11.0448862,2025-08-15 02:00:00,24.4
45.3819685,11.0448862,2025-08-15 03:00:00,23.7
45.3819685,11.0448862,2025-08-15 04:00:00,23.2
45.3819685,11.0448862,2025-08-15 05:00:00,23.7
45.3819685,11.0448862,2025-08-15 06:00:00,24.9
45.3819685,11.0448862,2025-08-15 07:00:00,27.1
45.3819685,11.0448862,2025-08-15 08:00:00,29.9
45.3819685,11.0448862,2025-08-15 09:00:00,32.3
45.3819685,11.0448862,2025-08-15 10:00:00,33.5
45.3819685,11.0448862,2025-08-15 11:00:00,34.8
45.3819685,11.0448862,2025-08-15 12:00:00,35.4
45.3819685,11.0448862,2025-08-15 13:00:00,35.8
45.3819685,11.0448862,2025-08-15 14:00:00,35.7
45.3819685,11.0448862,2025-08-15 15:00:00,35.2
45.3819685,11.0448862,2025-08-15 16:00:00,35.0
45.3819685,11.0448862,2025-08-15 17:00:00,31.7
45.3819685,11.0448862,2025-08-15 18:00:00,30.8
45.3819685,11.0448862,2025-08-15 19:00:00,29.0
45.3819685,11.0448862,2025-08-15 20:00:00,27.9
45.3819685,11.0448862,2025-08-15 21:00:00,27.1
45.3819685,11.0448862,2025-08-15 22:00:00,26.4
45.3819685,11.0448862,2025-08-15 23:00:00,25.5
45.3819685,11.0448862,2025-08-16 00:00:00,24.8
45.3819685,11.0448862,2025-08-16 01:00:00,24.5
45.3819685,11.0448862,2025-08-16 02:00:00,23.5
45.3819685,11.0448862,2025-08-16 03:00:00,23.5
45.3819685,11.0448862,2025-08-16 04:00:00,21.8
45.3819685,11.0448862,2025-08-16 05:00:00,22.2
45.3819685,11.0448862,2025-08-16 06:00:00,23.5
45.3819685,11.0448862,2025-08-16 07:00:00,26.3
45.3819685,11.0448862,2025-08-16 08:00:00,28.7
45.3819685,11.0448862,2025-08-16 09:00:00,30.9
45.3819685,11.0448862,2025-08-16 10:00:00,32.8
45.3819685,11.0448862,2025-08-16 11:00:00,34.2
45.3819685,11.0448862,2025-08-16 12:00:00,35.2
45.3819685,11.0448862,2025-08-16 13:00:00,35.7
45.3819685,11.0448862,2025-08-16 14:00:00,35.5
45.3819685,11.0448862,2025-08-16 15:00:00,35.0
45.3819685,11.0448862,2025-08-16 16:00:00,33.6
45.3819685,11.0448862,2025-08-16 17:00:00,33.0
45.3819685,11.0448862,2025-08-16 18:00:00,31.8
45.3819685,11.0448862,2025-08-16 19:00:00,28.1
45.3819685,11.0448862,2025-08-16 20:00:00,27.5
45.3819685,11.0448862,2025-08-16 21:00:00,26.4
45.3819685,11.0448862,2025-08-16 22:00:00,26.0
45.3819685,11.0448862,2025-08-16 23:00:00,25.1
45.3819685,11.0448862,2025-08-17 00:00:00,23.9
45.3819685,11.0448862,2025-08-17 01:00:00,23.2
45.3819685,11.0448862,2025-08-17 02:00:00,22.5
45.3819685,11.0448862,2025-08-17 03:00:00,22.3
45.3819685,11.0448862,2025-08-17 04:00:00,22.2
45.3819685,11.0448862,2025-08-17 05:00:00,21.7
45.3819685,11.0448862,2025-08-17 06:00:00,22.8
45.3819685,11.0448862,2025-08-17 07:00:00,25.9
45.3819685,11.0448862,2025-08-17 08:00:00,28.3
45.3819685,11.0448862,2025-08-17 09:00:00,29.7
45.3819685,11.0448862,2025-08-17 10:00:00,30.6
45.3819685,11.0448862,2025-08-17 11:00:00,31.3
45.3819685,11.0448862,2025-08-17 12:00:00,31.6
45.3819685,11.0448862,2025-08-17 13:00:00,31.7
45.3819685,11.0448862,2025-08-17 14:00:00,31.3
45.3819685,11.0448862,2025-08-17 15:00:00,31.1
45.3819685,11.0448862,2025-08-17 16:00:00,30.8
45.3819685,11.0448862,2025-08-17 17:00:00,29.9
45.3819685,11.0448862,2025-08-17 18:00:00,27.9
45.3819685,11.0448862,2025-08-17 19:00:00,26.6
45.3819685,11.0448862,2025-08-17 20:00:00,25.3
45.3819685,11.0448862,2025-08-17 21:00:00,24.2
45.3819685,11.0448862,2025-08-17 22:00:00,23.6
45.3819685,11.0448862,2025-08-17 23:00:00,23.3
45.3819685,11.0448862,2025-08-18 00:00:00,23.0
45.3819685,11.0448862,2025-08-18 01:00:00,22.9
45.3819685,11.0448862,2025-08-18 02:00:00,22.9
45.3819685,11.0448862,2025-08-18 03:00:00,22.9
45.3819685,11.0448862,2025-08-18 04:00:00,22.9
45.3819685,11.0448862,2025-08-18 05:00:00,22.9
45.3819685,11.0448862,2025-08-18 06:00:00,23.1
45.3819685,11.0448862,2025-08-18 07:00:00,23.5
45.3819685,11.0448862,2025-08-18 08:00:00,24.1
45.3819685,11.0448862,2025-08-18 09:00:00,24.9
45.3819685,11.0448862,2025-08-18 10:00:00,26.0
45.3819685,11.0448862,2025-08-18 11:00:00,27.2
45.3819685,11.0448862,2025-08-18 12:00:00,28.2
45.3819685,11.0448862,2025-08-18 13:00:00,28.6
45.3819685,11.0448862,2025-08-18 14:00:00,28.8
45.3819685,11.0448862,2025-08-18 15:00:00,28.6
45.3819685,11.0448862,2025-08-18 16:00:00,28.0
45.3819685,11.0448862,2025-08-18 17:00:00,27.2
45.3819685,11.0448862,2025-08-18 18:00:00,26.1
45.3819685,11.0448862,2025-08-18 19:00:00,24.8
45.3819685,11.0448862,2025-08-18 20:00:00,23.2
45.3819685,11.0448862,2025-08-18 21:00:00,22.0
45.3819685,11.0448862,2025-08-18 22:00:00,21.2
45.3819685,11.0448862,2025-08-18 23:00:00,20.7
45.3819685,11.0448862,2025-08-19 00:00:00,20.2
45.3819685,11.0448862,2025-08-19 01:00:00,19.7
45.3819685,11.0448862,2025-08-19 02:00:00,19.3
45.3819685,11.0448862,2025-08-19 03:00:00,19.2
45.3819685,11.0448862,2025-08-19 04:00:00,19.2
45.3819685,11.0448862,2025-08-19 05:00:00,19.6
45.3819685,11.0448862,2025-08-19 06:00:00,20.5
45.3819685,11.0448862,2025-08-19 07:00:00,22.5
45.3819685,11.0448862,2025-08-19 08:00:00,25.1
45.3819685,11.0448862,2025-08-19 09:00:00,27.2
45.3819685,11.0448862,2025-08-19 10:00:00,28.5
45.3819685,11.0448862,2025-08-19 11:00:00,29.3
45.3819685,11.0448862,2025-08-19 12:00:00,29.8
45.3819685,11.0448862,2025-08-19 13:00:00,30.5
45.3819685,11.0448862,2025-08-19 14:00:00,30.8
45.3819685,11.0448862,2025-08-19 15:00:00,30.7
45.3819685,11.0448862,2025-08-19 16:00:00,30.0
45.3819685,11.0448862,2025-08-19 17:00:00,28.9
45.3819685,11.0448862,2025-08-19 18:00:00,27.8
45.3819685,11.0448862,2025-08-19 19:00:00,26.6
45.3819685,11.0448862,2025-08-19 20:00:00,25.3
45.3819685,11.0448862,2025-08-19 21:00:00,24.1
45.3819685,11.0448862,2025-08-19 22:00:00,23.2
45.3819685,11.0448862,2025-08-19 23:00:00,22.4
45.3819685,11.0448862,2025-08-20 00:00:00,21.9
45.3819685,11.0448862,2025-08-20 01:00:00,21.6
45.3819685,11.0448862,2025-08-20 02:00:00,21.6
45.3819685,11.0448862,2025-08-20 03:00:00,21.5
45.3819685,11.0448862,2025-08-20 04:00:00,21.3
45.3819685,11.0448862,2025-08-20 05:00:00,21.1
45.3819685,11.0448862,2025-08-20 06:00:00,21.4
45.3819685,11.0448862,2025-08-20 07:00:00,22.8
45.3819685,11.0448862,2025-08-20 08:00:00,24.8
45.3819685,11.0448862,2025-08-20 09:00:00,26.6
45.3819685,11.0448862,2025-08-20 10:00:00,28.0
45.3819685,11.0448862,2025-08-20 11:00:00,29.3
45.3819685,11.0448862,2025-08-20 12:00:00,30.2
45.3819685,11.0448862,2025-08-20 13:00:00,30.9
45.3819685,11.0448862,2025-08-20 14:00:00,30.7
45.3819685,11.0448862,2025-08-20 15:00:00,30.0
45.3819685,11.0448862,2025-08-20 16:00:00,28.4
45.3819685,11.0448862,2025-08-20 17:00:00,26.3
45.3819685,11.0448862,2025-08-20 18:00:00,24.4
45.3819685,11.0448862,2025-08-20 19:00:00,23.1
45.3819685,11.0448862,2025-08-20 20:00:00,22.1
45.3819685,11.0448862,2025-08-20 21:00:00,21.2
45.3819685,11.0448862,2025-08-20 22:00:00,20.6
45.3819685,11.0448862,2025-08-20 23:00:00,20.2
